{
    "pages": [ //pages数组中第一项表示应用启动页
		{
            "path": "pages/post/post",
            "style": {
                "navigationBarTitleText": "职位",
                "navigationBarBackgroundColor": "#53a6ff",
				"app-plus": {
					"bounce": "none",
					"titleNView": {
						"buttons": [ 
							{
								"text": "是举", 
								"fontSize":"16",
								"float": "right",
								"color":"#fff"
							},
							{
								"text": "唯才", 
								"fontSize":"16",
								"float": "left",
								"color":"#fff"
							}
						],
						"searchInput":{
								"align": "left",
								// "width":"50%",
								"placeholder": "请输入查找房源信息",
								"borderRadius":"50upx",
								"backgroundColor": "#fff"
							}
					}
				}
            }
        },
        {
            "path": "pages/message/message",
            "style": {
                "navigationBarTitleText": "消息",
                "navigationBarBackgroundColor": "#53a6ff"
            }
        },
        {
            "path": "pages/resumecenter/resumecenter",
            "style": {
                "navigationBarTitleText": "简历中心",
                "navigationBarBackgroundColor": "#53a6ff"
            }
        },
        {
            "path": "pages/person/person",
            "style": {
                "navigationBarTitleText": "个人中心",
                "navigationBarBackgroundColor": "#53a6ff",
				"height":"200rpx"
            }
        },
		{
		    "path": "pages/navigate/navigate",
			// <uni-nav-bar left-icon="back" left-text="返回" right-text="菜单" title="导航栏组件"></uni-nav-bar>
		    "style": {
		        "navigationBarTitleText": "登录页面",
		        "navigationBarBackgroundColor": "#eee",
				"backgroundColorTop":"#4CD964",
				"navigationStyle":"default",
				"backgroundColor":"#1CA6EC",
				"enablePullDownRefresh":true,//开启下拉刷新
				"app-plus":{
					"titleNView":{
						"buttons":[
							
						]
					}
				}
		    }
		}
    ],

    "globalStyle": {
        "navigationBarTextStyle": "black",
        "navigationBarTitleText": "导航栏",
        "navigationBarBackgroundColor": "#FF0000",
		"backgroundColorBottom":"#4fffff",        
		// "backgroundColor": "#F8F8F8",
		"backgroundColor":"#1CA6EC",
		"app-plus":{
			"backgroundColor":"#ffff00"
		}
    },

    "tabBar": {
        "color": "#cdcdcd",
        "selectedColor": "#ff0000",
        "borderStyle": "black",
        "backgroundColor": "#ffffff",
        "list": [{
                "pagePath": "pages/post/post",
                "iconPath": "/static/post.png",
                "selectedIconPath": "/static/post.png",
                "text": "职位"
            }, {
                "pagePath": "pages/message/message",
                "iconPath": "/static/message.png",
                "selectedIconPath": "/static/message.png",
                "text": "消息"
            },
            {
                "pagePath": "pages/resumecenter/resumecenter",
                "iconPath": "/static/resume.png",
                "selectedIconPath": "/static/resume.png",
                "text": "简历中心"
            }, {
                "pagePath": "pages/person/person",
                "iconPath": "/static/person.png",
                "selectedIconPath": "/static/person.png",
                "text": "个人中心"
            }
        ]
    },

    "condition": { //模式配置，仅开发期间生效
        "current": 2, //当前激活的模式（list 的索引项）
        "list": [{
                "name": "职位", //模式名称
                "path": "pages/post/post", //启动页面，必选
                "query": "test" //启动参数，在页面的onLoad函数里面得到。uid=100&t=1535987051
            },
            {
                "name": "消息", //模式名称
                "path": "pages/message/message", //启动页面，必选
                "query": "" //启动参数，在页面的onLoad函数里面得到。
            },
            {
                "name": "简历中心", //模式名称
                "path": "pages/resumecenter/resumecenter", //启动页面，必选
                "query": "" //启动参数，在页面的onLoad函数里面得到。uid=100&t=1535987051
            },
            {
                "name": "个人中心", //模式名称
                "path": "pages/person/person", //启动页面，必选
                "query": "" //启动参数，在页面的onLoad函数里面得到。
            }
        ]
    }
}
